{
  "middleware.ts": 1776415338.0681493,
  "next-env.d.ts": 1776415108.7505507,
  "next.config.mjs": 1776415181.6852045,
  "postcss.config.mjs": 1776414944.2375824,
  "tailwind.config.ts": 1776414944.23958,
  "src\\app\\layout.tsx": 1776421575.6656797,
  "src\\app\\page.tsx": 1776430405.7623084,
  "src\\app\\(auth)\\login\\page.tsx": 1776428599.4927192,
  "src\\app\\(auth)\\register\\page.tsx": 1776429461.962112,
  "src\\app\\(auth)\\register\\verify\\page.tsx": 1776429848.8416991,
  "src\\app\\(doctor)\\layout.tsx": 1776432642.942591,
  "src\\app\\(doctor)\\doctor\\chat\\[patientId]\\page.tsx": 1776418772.2127838,
  "src\\app\\(doctor)\\doctor\\dashboard\\page.tsx": 1776432615.3759568,
  "src\\app\\(doctor)\\doctor\\finance\\page.tsx": 1776433349.1062086,
  "src\\app\\(doctor)\\doctor\\messages\\page.tsx": 1776433349.1212747,
  "src\\app\\(doctor)\\doctor\\patients\\page.tsx": 1776433349.105667,
  "src\\app\\(doctor)\\doctor\\schedule\\page.tsx": 1776433418.9627595,
  "src\\app\\(doctor)\\doctor\\schedule\\[date]\\page.tsx": 1776433808.2398877,
  "src\\app\\(doctor)\\doctor\\treatment\\[patientId]\\page.tsx": 1776427934.4331732,
  "src\\app\\(patient)\\layout.tsx": 1776444572.1686957,
  "src\\app\\(patient)\\patient\\appointments\\page.tsx": 1776444572.1613657,
  "src\\app\\(patient)\\patient\\appointments\\[date]\\page.tsx": 1776444572.175235,
  "src\\app\\(patient)\\patient\\chat\\[doctorId]\\page.tsx": 1776418772.202239,
  "src\\app\\(patient)\\patient\\dashboard\\page.tsx": 1776444572.1613657,
  "src\\app\\(patient)\\patient\\doctors\\page.tsx": 1776444572.1613657,
  "src\\app\\(patient)\\patient\\medical-history\\page.tsx": 1776444572.1613657,
  "src\\app\\(patient)\\patient\\messages\\page.tsx": 1776444572.1613657,
  "src\\app\\(patient)\\settings\\page.tsx": 1776450458.7046466,
  "src\\app\\api\\appointments\\route.ts": 1776431467.0985897,
  "src\\app\\api\\auth\\login-otp\\request\\route.ts": 1776419380.4191616,
  "src\\app\\api\\auth\\login-otp\\verify\\route.ts": 1776418944.9248393,
  "src\\app\\api\\auth\\register\\route.ts": 1776429734.3796504,
  "src\\app\\api\\auth\\register\\verify\\route.ts": 1776429734.3864713,
  "src\\app\\api\\auth\\[...nextauth]\\route.ts": 1776415297.082337,
  "src\\app\\api\\doctor\\appointments\\route.ts": 1776433419.0063784,
  "src\\app\\api\\doctor\\appointments\\[appointmentId]\\route.ts": 1776416909.6437628,
  "src\\app\\api\\doctor\\payments\\route.ts": 1776416909.6447625,
  "src\\app\\api\\doctor\\treatments\\route.ts": 1776434334.5813973,
  "src\\app\\api\\doctors\\route.ts": 1776416467.517443,
  "src\\app\\api\\messages\\route.ts": 1776416467.544054,
  "src\\app\\api\\messages\\[userId]\\route.ts": 1776416466.1295598,
  "src\\app\\api\\notifications\\route.ts": 1776417726.8720536,
  "src\\app\\api\\upload\\route.ts": 1776417726.9092245,
  "src\\app\\auth-redirect\\page.tsx": 1776416448.3320065,
  "src\\components\\error-boundary.tsx": 1776417383.5450766,
  "src\\components\\doctor\\create-payment-form.tsx": 1776416909.6447625,
  "src\\components\\doctor\\create-treatment-form.tsx": 1776434334.5823991,
  "src\\components\\doctor\\day-appointment-form.tsx": 1776433419.0105612,
  "src\\components\\doctor\\doctor-header.tsx": 1776433349.1259105,
  "src\\components\\doctor\\doctor-nav.tsx": 1776453878.744508,
  "src\\components\\doctor\\schedule-calendar.tsx": 1776433418.9627595,
  "src\\components\\doctor\\schedule-status-actions.tsx": 1776423943.2757213,
  "src\\components\\doctor\\treatment-tooth-chart.tsx": 1776417630.0495813,
  "src\\components\\patient\\appointment-calendar.tsx": 1776431614.436002,
  "src\\components\\patient\\book-appointment-form.tsx": 1776431676.3799908,
  "src\\components\\patient\\chat-box.tsx": 1776416698.362365,
  "src\\components\\patient\\daily-appointment-form.tsx": 1776431129.4062464,
  "src\\components\\patient\\patient-header.tsx": 1776433349.1259105,
  "src\\components\\patient\\patient-nav.tsx": 1776453284.1646082,
  "src\\components\\providers\\session-provider.tsx": 1776421575.6656797,
  "src\\components\\shared\\chat-box.tsx": 1776417133.266827,
  "src\\components\\shared\\header.tsx": 1776426715.7377717,
  "src\\components\\shared\\month-calendar.tsx": 1776431614.446967,
  "src\\components\\shared\\notification-center.tsx": 1776417726.8720536,
  "src\\components\\shared\\tooth-formula.tsx": 1776427934.4331732,
  "src\\lib\\auth.ts": 1776419316.7041183,
  "src\\lib\\csrf.ts": 1776417420.7646487,
  "src\\lib\\db.ts": 1776414944.23958,
  "src\\lib\\email.ts": 1776416448.3190758,
  "src\\lib\\error-handler.ts": 1776417383.565138,
  "src\\lib\\file-upload.ts": 1776417726.8901377,
  "src\\lib\\kz-labels.ts": 1776423943.2787185,
  "src\\lib\\pending-registration.ts": 1776429734.4079704,
  "src\\lib\\performance.ts": 1776417420.7626472,
  "src\\lib\\rate-limit.ts": 1776417383.5450766,
  "src\\lib\\sanitize.ts": 1776417383.5586152,
  "src\\lib\\scheduling.ts": 1776431129.4029207,
  "src\\lib\\session.ts": 1776418772.238009,
  "src\\lib\\validations.ts": 1776428770.4322886,
  "src\\types\\next-auth.d.ts": 1776415297.0929494,
  "__tests__\\auth.test.ts": 1776417883.2739012,
  "DEPLOYMENT.md": 1776417883.23813,
  "README.md": 1776414483.4928346,
  "TEST_SPECIFICATIONS.md": 1776417883.23813,
  "public\\file.svg": 1776414483.6054423,
  "public\\globe.svg": 1776414483.6247056,
  "public\\logo.png": 1772597682.0,
  "public\\next.svg": 1776414483.642066,
  "public\\vercel.svg": 1776414483.660488,
  "public\\window.svg": 1776414483.6746943,
  "public\\icons\\calendar.png": 1776422166.5223944,
  "public\\icons\\dashboard.png": 1776422165.5400183,
  "public\\icons\\doctor.png": 1776422181.791262,
  "public\\icons\\finance.png": 1776422169.013552,
  "public\\icons\\logout.png": 1776422170.3054676,
  "public\\icons\\medical-history.png": 1776422196.8376148,
  "public\\icons\\messages.png": 1776422167.493198,
  "public\\icons\\patients.png": 1776422168.021153,
  "public\\icons\\profile.png": 1776422169.4912126,
  "public\\icons\\schedule.png": 1776422168.5177674,
  "public\\icons\\tis.svg": 1776428039.8374093,
  "public\\icons\\tooth.png": 1776422170.7981362,
  "public\\icons\\treatment.png": 1776422185.8468575,
  "public\\icons\\windows11-filled\\calendar.png": 1776422868.5946887,
  "public\\icons\\windows11-filled\\dashboard.png": 1776422865.2856395,
  "public\\icons\\windows11-filled\\doctor.png": 1776422930.316219,
  "public\\icons\\windows11-filled\\finance.png": 1776422876.3948808,
  "public\\icons\\windows11-filled\\logout.png": 1776422879.9234324,
  "public\\icons\\windows11-filled\\medical-history.png": 1776422870.2356389,
  "public\\icons\\windows11-filled\\messages.png": 1776422931.180483,
  "public\\icons\\windows11-filled\\patients.png": 1776422932.250597,
  "public\\icons\\windows11-filled\\profile.png": 1776422877.9457762,
  "public\\icons\\windows11-filled\\schedule.png": 1776422874.9199805,
  "public\\icons\\windows11-filled\\tooth.png": 1776422933.1519027,
  "public\\icons\\windows11-filled\\treatment.png": 1776422883.7450087,
  "public\\icons\\windows11-outline\\calendar.png": 1776422867.740521,
  "public\\icons\\windows11-outline\\dashboard.png": 1776422928.4535923,
  "public\\icons\\windows11-outline\\doctor.png": 1776422866.0452137,
  "public\\icons\\windows11-outline\\finance.png": 1776422875.5225804,
  "public\\icons\\windows11-outline\\logout.png": 1776422878.890593,
  "public\\icons\\windows11-outline\\medical-history.png": 1776422869.2164664,
  "public\\icons\\windows11-outline\\messages.png": 1776422870.8103507,
  "public\\icons\\windows11-outline\\patients.png": 1776422929.2962415,
  "public\\icons\\windows11-outline\\profile.png": 1776422877.2655559,
  "public\\icons\\windows11-outline\\schedule.png": 1776422873.9575205,
  "public\\icons\\windows11-outline\\settings.png": 1776422877.2655559,
  "public\\icons\\windows11-outline\\tooth.png": 1776422880.8418608,
  "public\\icons\\windows11-outline\\treatment.png": 1776422882.7809317,